{
  "train_loss": [
    0.24581114812330765,
    0.22570807893167844,
    0.22375153546983545,
    0.21633731709285217,
    0.21743044460361655,
    0.21815596588633276,
    0.2151284475218166,
    0.21713581410321323,
    0.21630207652395422,
    0.2120400138876655,
    0.21322054212743585,
    0.214743780141527,
    0.21164283630522815,
    0.21494906666603955,
    0.21108880029483276,
    0.21121907098726792,
    0.2148449949242852,
    0.21185226467522708,
    0.21057907424189828,
    0.21200962296941064,
    0.21049784259362656,
    0.20725851438262247,
    0.2102579433809627,
    0.20711945065043189,
    0.20507853816856036,
    0.2104003368453546,
    0.20742810856212268,
    0.21145227619192816,
    0.2121179930188439,
    0.21443507413972507
  ],
  "val_loss": [
    0.2869372144341469,
    0.29064587503671646,
    0.2555070221424103,
    0.23475849628448486,
    0.2507203333079815,
    0.2557543255388737,
    0.2649545669555664,
    0.2353101298213005,
    0.2246432937681675,
    0.21698570623993874,
    0.22343574836850166,
    0.22010481357574463,
    0.22604557499289513,
    0.22222409397363663,
    0.22463847696781158,
    0.2164439670741558,
    0.22271332889795303,
    0.23209305107593536,
    0.22360504418611526,
    0.22187447920441628,
    0.22783758491277695,
    0.2222108170390129,
    0.22403636947274208,
    0.22333432361483574,
    0.22616641968488693,
    0.2259170413017273,
    0.22609756141901016,
    0.22464510425925255,
    0.22458689659833908,
    0.22464260086417198
  ]
}